ObjID,SSIM,PSNR,MSE,Pred_Redshift,Pred_Inc,Pred_Flux
sky_dev_v2,0.0139,8.9235,0.128129,0.1325,0.6194,0.2626
sky_dev_v2,0.0155,9.2482,0.118899,0.9914,0.7353,0.7278
sky_dev_v2,0.0099,9.2852,0.117892,0.8175,0.7650,0.4579
